patient	a	b	cor	quantile_0.025	quantile_0.975	cohort	markers	NGS Classification
Patient_7	Patient_7_T2	Patient_7_T4	0.25701181369608306	-0.216088280872331	0.6763861799681538	Intrapatient MGH	NA	Mosaic
Patient_3	Patient_3_T4	Patient_3_T1	0.5345758273530988	0.10099484996027494	0.8172377297371286	Intrapatient MGH	NA	Metastatic
Patient_10	Patient_10_T6	Patient_10_T7	0.6807389221967972	0.3712844731903826	0.8797482178514318	Intrapatient MGH	NA	Mosaic
Patient_10	Patient_10_T6	Patient_10_T9	0.6251532848419171	0.05595503526541488	0.8649144393049844	Intrapatient MGH	NA	Mosaic
Patient_10	Patient_10_T7	Patient_10_T9	0.28849872888985467	-0.00279695610662826	0.6519177124025111	Intrapatient MGH	NA	Mosaic
Patient_8	Patient_8_T1	Patient_8_T2	0.7685802062521144	0.3694526405179938	0.929116187850357	Intrapatient MGH	NA	Mosaic
T790M_III-1	T790M_III-1_T5	T790M_III-1_T7	0.8035623837334253	0.4928736804683776	0.9274441682210892	Intrapatient MGH	NA	Metastatic
T790M_III-1	T790M_III-1_T5	T790M_III-1_T8	0.7419984767522404	0.3622011428948147	0.8840324675158022	Intrapatient MGH	NA	Metastatic
T790M_III-1	T790M_III-1_T5	T790M_III-1_T9	0.21909472187520543	-0.2674756756718944	0.5948374391764825	Intrapatient MGH	NA	Metastatic
T790M_III-1	T790M_III-1_T5	T790M_III-1_T10	0.6933459525642809	0.20442124237385348	0.8971589351352269	Intrapatient MGH	NA	Metastatic
T790M_III-1	T790M_III-1_T5	T790M_III-1_T11	0.6087879008011918	0.02390507081354988	0.8751171584039789	Intrapatient MGH	NA	Metastatic
T790M_III-1	T790M_III-1_T5	T790M_III-1_T12	0.8520872308370372	0.5143767276634743	0.9567906753923916	Intrapatient MGH	NA	Metastatic
T790M_III-1	T790M_III-1_T5	T790M_III-1_T13	0.6903847147383513	0.14266627745150515	0.8972355233395785	Intrapatient MGH	NA	Metastatic
T790M_III-1	T790M_III-1_T7	T790M_III-1_T8	0.932165695599155	0.8315649468149567	0.9762384017750416	Intrapatient MGH	NA	Metastatic
T790M_III-1	T790M_III-1_T7	T790M_III-1_T9	0.4622998424970639	0.13493673582463492	0.7419666128996367	Intrapatient MGH	NA	Metastatic
T790M_III-1	T790M_III-1_T7	T790M_III-1_T10	0.8505811563677235	0.5878101370509663	0.9586578325411602	Intrapatient MGH	NA	Metastatic
T790M_III-1	T790M_III-1_T7	T790M_III-1_T11	0.8244683854836744	0.5384558841206053	0.9692986614243448	Intrapatient MGH	NA	Metastatic
T790M_III-1	T790M_III-1_T7	T790M_III-1_T12	0.8963686048258829	0.6960112150498245	0.976742599415453	Intrapatient MGH	NA	Metastatic
T790M_III-1	T790M_III-1_T7	T790M_III-1_T13	0.9102535135575668	0.7830105508888904	0.9632577286083048	Intrapatient MGH	NA	Metastatic
T790M_III-1	T790M_III-1_T8	T790M_III-1_T9	0.5644029024740422	0.371589190483785	0.7885203604303375	Intrapatient MGH	NA	Metastatic
T790M_III-1	T790M_III-1_T8	T790M_III-1_T10	0.8678296323430923	0.6827700278737572	0.9689855574727774	Intrapatient MGH	NA	Metastatic
T790M_III-1	T790M_III-1_T8	T790M_III-1_T11	0.9253961468410068	0.6894900539127237	0.9813879523069428	Intrapatient MGH	NA	Metastatic
T790M_III-1	T790M_III-1_T8	T790M_III-1_T12	0.8969735451542249	0.6614936924583921	0.9689269048966714	Intrapatient MGH	NA	Metastatic
T790M_III-1	T790M_III-1_T8	T790M_III-1_T13	0.8153759356034174	0.746572569102619	0.9330422807490816	Intrapatient MGH	NA	Metastatic
T790M_III-1	T790M_III-1_T9	T790M_III-1_T10	0.4397431169492002	0.04439849574948534	0.8527877026102197	Intrapatient MGH	NA	Metastatic
T790M_III-1	T790M_III-1_T9	T790M_III-1_T11	0.6060963420709218	0.44972783418194134	0.8879479238642364	Intrapatient MGH	NA	Metastatic
T790M_III-1	T790M_III-1_T9	T790M_III-1_T12	0.4434662337942329	0.1114985782019184	0.6741909525921552	Intrapatient MGH	NA	Metastatic
T790M_III-1	T790M_III-1_T9	T790M_III-1_T13	0.5570174465515716	0.23310264419471388	0.854786260686694	Intrapatient MGH	NA	Metastatic
T790M_III-1	T790M_III-1_T10	T790M_III-1_T11	0.8422309117570955	0.6399016200990221	0.9695070826932182	Intrapatient MGH	NA	Metastatic
T790M_III-1	T790M_III-1_T10	T790M_III-1_T12	0.7989771471264895	0.5289890003235548	0.9341168704056876	Intrapatient MGH	NA	Metastatic
T790M_III-1	T790M_III-1_T10	T790M_III-1_T13	0.7445161436977611	0.46110268518537656	0.9292327228894128	Intrapatient MGH	NA	Metastatic
T790M_III-1	T790M_III-1_T11	T790M_III-1_T12	0.8347227650628706	0.4896646630402794	0.9582671382856373	Intrapatient MGH	NA	Metastatic
T790M_III-1	T790M_III-1_T11	T790M_III-1_T13	0.6858501841514055	0.501988199158448	0.939973195415022	Intrapatient MGH	NA	Metastatic
T790M_III-1	T790M_III-1_T12	T790M_III-1_T13	0.8367907572021186	0.7166243367356497	0.9462067803694042	Intrapatient MGH	NA	Metastatic
Patient_9	Patient_9_T2	Patient_9_T6	0.44153291980165266	0.10211371418867392	0.7132536239865369	Intrapatient MGH	NA	Mosaic
Patient_10	Patient_10_T8	Patient_10_T1	-0.2160771898862451	-0.6254634740163775	0.06065137464016183	Intrapatient MGH	NA	Mosaic
NA	Patient_4_T1	Patient_7_T2	-0.27708403324539227	NA	NA	Interpatient MGH	24	Unrelated
NA	Patient_4_T1	Patient_7_T4	0.11928400737970508	NA	NA	Interpatient MGH	24	Unrelated
NA	Patient_4_T1	Patient_3_T4	-0.2246787380709566	NA	NA	Interpatient MGH	20	Unrelated
NA	Patient_4_T1	Patient_3_T1	-0.288359271715205	NA	NA	Interpatient MGH	20	Unrelated
NA	Patient_4_T1	Patient_10_T6	0.07920905512595695	NA	NA	Interpatient MGH	23	Unrelated
NA	Patient_4_T1	Patient_10_T7	0.3728443529372173	NA	NA	Interpatient MGH	23	Unrelated
NA	Patient_4_T1	Patient_10_T9	-0.01848761438372675	NA	NA	Interpatient MGH	23	Unrelated
NA	Patient_4_T1	Patient_2_T1	0.00958626621031838	NA	NA	Interpatient MGH	17	Unrelated
NA	Patient_4_T1	Patient_8_T1	-0.0969227371418388	NA	NA	Interpatient MGH	20	Unrelated
NA	Patient_4_T1	Patient_8_T2	0.2345845224771211	NA	NA	Interpatient MGH	19	Unrelated
NA	Patient_4_T1	Patient_1_T1	-0.23669203681802695	NA	NA	Interpatient MGH	17	Unrelated
NA	Patient_4_T1	Patient_1_T2	-0.2034293376736111	NA	NA	Interpatient MGH	19	Unrelated
NA	Patient_4_T1	T790M_III-1_T2	0.18869692532597	NA	NA	Interpatient MGH	20	Unrelated
NA	Patient_4_T1	T790M_III-1_T3	0.4325824511107127	NA	NA	Interpatient MGH	20	Unrelated
NA	Patient_4_T1	T790M_III-1_T4	0.3210193736922394	NA	NA	Interpatient MGH	20	Unrelated
NA	Patient_4_T1	T790M_III-1_T5	-0.2224464026947041	NA	NA	Interpatient MGH	19	Unrelated
NA	Patient_4_T1	T790M_III-1_T6	0.4446422725859869	NA	NA	Interpatient MGH	20	Unrelated
NA	Patient_4_T1	T790M_III-1_T7	0.02853464672789565	NA	NA	Interpatient MGH	20	Unrelated
NA	Patient_4_T1	T790M_III-1_T8	0.16729575903151447	NA	NA	Interpatient MGH	20	Unrelated
NA	Patient_4_T1	T790M_III-1_T9	0.12817090791704702	NA	NA	Interpatient MGH	20	Unrelated
NA	Patient_4_T1	T790M_III-1_T10	0.14900100512809877	NA	NA	Interpatient MGH	20	Unrelated
NA	Patient_4_T1	T790M_III-1_T11	0.3165067776039756	NA	NA	Interpatient MGH	17	Unrelated
NA	Patient_4_T1	T790M_III-1_T12	0.09816350501354608	NA	NA	Interpatient MGH	20	Unrelated
NA	Patient_4_T1	T790M_III-1_T13	-0.04910257620704938	NA	NA	Interpatient MGH	20	Unrelated
NA	Patient_4_T1	Patient_9_T2	-0.341688644164687	NA	NA	Interpatient MGH	20	Unrelated
NA	Patient_4_T1	Patient_9_T6	-0.21758703684733785	NA	NA	Interpatient MGH	19	Unrelated
NA	Patient_4_T1	Patient_3_T5	-0.2082367920661054	NA	NA	Interpatient MGH	19	Unrelated
NA	Patient_4_T1	Patient_10_T8	0.11413689808684424	NA	NA	Interpatient MGH	19	Unrelated
NA	Patient_4_T1	Patient_10_T1	0.04831775771683249	NA	NA	Interpatient MGH	20	Unrelated
NA	Patient_4_T2	Patient_7_T2	-0.45785548421210015	NA	NA	Interpatient MGH	24	Unrelated
NA	Patient_4_T2	Patient_7_T4	-0.203742759559235	NA	NA	Interpatient MGH	24	Unrelated
NA	Patient_4_T2	Patient_3_T4	0.03644461455001804	NA	NA	Interpatient MGH	20	Unrelated
NA	Patient_4_T2	Patient_3_T1	0.21389800446460103	NA	NA	Interpatient MGH	20	Unrelated
NA	Patient_4_T2	Patient_10_T6	-0.1354419463901588	NA	NA	Interpatient MGH	23	Unrelated
NA	Patient_4_T2	Patient_10_T7	-0.0202798580576762	NA	NA	Interpatient MGH	23	Unrelated
NA	Patient_4_T2	Patient_10_T9	0.03728624694171413	NA	NA	Interpatient MGH	23	Unrelated
NA	Patient_4_T2	Patient_2_T1	-0.13637413231147402	NA	NA	Interpatient MGH	17	Unrelated
NA	Patient_4_T2	Patient_8_T1	-0.4999580188022894	NA	NA	Interpatient MGH	20	Unrelated
NA	Patient_4_T2	Patient_8_T2	-0.21688960449084743	NA	NA	Interpatient MGH	19	Unrelated
NA	Patient_4_T2	Patient_1_T1	0.28529177012190243	NA	NA	Interpatient MGH	17	Unrelated
NA	Patient_4_T2	Patient_1_T2	0.24509535568803725	NA	NA	Interpatient MGH	19	Unrelated
NA	Patient_4_T2	T790M_III-1_T2	-0.4858061314697654	NA	NA	Interpatient MGH	20	Unrelated
NA	Patient_4_T2	T790M_III-1_T3	-0.31425053796832275	NA	NA	Interpatient MGH	20	Unrelated
NA	Patient_4_T2	T790M_III-1_T4	-0.359955329915411	NA	NA	Interpatient MGH	20	Unrelated
NA	Patient_4_T2	T790M_III-1_T5	0.4055494968600835	NA	NA	Interpatient MGH	19	Unrelated
NA	Patient_4_T2	T790M_III-1_T6	-0.3278321711996766	NA	NA	Interpatient MGH	20	Unrelated
NA	Patient_4_T2	T790M_III-1_T7	0.5584689498055889	NA	NA	Interpatient MGH	20	Unrelated
NA	Patient_4_T2	T790M_III-1_T8	0.4675068988441994	NA	NA	Interpatient MGH	20	Unrelated
NA	Patient_4_T2	T790M_III-1_T9	0.6465310583557954	NA	NA	Interpatient MGH	20	Unrelated
NA	Patient_4_T2	T790M_III-1_T10	0.42323551020114814	NA	NA	Interpatient MGH	20	Unrelated
NA	Patient_4_T2	T790M_III-1_T11	0.45256282360597033	NA	NA	Interpatient MGH	17	Unrelated
NA	Patient_4_T2	T790M_III-1_T12	0.5283674677251546	NA	NA	Interpatient MGH	20	Unrelated
NA	Patient_4_T2	T790M_III-1_T13	0.6863882867052719	NA	NA	Interpatient MGH	20	Unrelated
NA	Patient_4_T2	Patient_9_T2	-0.4140970674506937	NA	NA	Interpatient MGH	20	Unrelated
NA	Patient_4_T2	Patient_9_T6	-0.13866285656045022	NA	NA	Interpatient MGH	19	Unrelated
NA	Patient_4_T2	Patient_3_T5	-0.04258280955539362	NA	NA	Interpatient MGH	19	Unrelated
NA	Patient_4_T2	Patient_10_T8	0.45566503351165727	NA	NA	Interpatient MGH	19	Unrelated
NA	Patient_4_T2	Patient_10_T1	-0.2252361078191	NA	NA	Interpatient MGH	20	Unrelated
NA	Patient_4_T3	Patient_7_T2	-0.7390264740253067	NA	NA	Interpatient MGH	24	Unrelated
NA	Patient_4_T3	Patient_7_T4	-0.43625106224426746	NA	NA	Interpatient MGH	24	Unrelated
NA	Patient_4_T3	Patient_3_T4	0.04750150739140478	NA	NA	Interpatient MGH	20	Unrelated
NA	Patient_4_T3	Patient_3_T1	0.04577145852650671	NA	NA	Interpatient MGH	20	Unrelated
NA	Patient_4_T3	Patient_10_T6	0.4224150195604243	NA	NA	Interpatient MGH	23	Unrelated
NA	Patient_4_T3	Patient_10_T7	0.33728677531006546	NA	NA	Interpatient MGH	23	Unrelated
NA	Patient_4_T3	Patient_10_T9	0.2750563841044593	NA	NA	Interpatient MGH	23	Unrelated
NA	Patient_4_T3	Patient_2_T1	-0.1943324439477347	NA	NA	Interpatient MGH	17	Unrelated
NA	Patient_4_T3	Patient_8_T1	-0.2691121251920459	NA	NA	Interpatient MGH	20	Unrelated
NA	Patient_4_T3	Patient_8_T2	0.06077518750811007	NA	NA	Interpatient MGH	19	Unrelated
NA	Patient_4_T3	Patient_1_T1	0.4531830266384406	NA	NA	Interpatient MGH	17	Unrelated
NA	Patient_4_T3	Patient_1_T2	0.16707126585746926	NA	NA	Interpatient MGH	19	Unrelated
NA	Patient_4_T3	T790M_III-1_T2	-0.20027746145415865	NA	NA	Interpatient MGH	20	Unrelated
NA	Patient_4_T3	T790M_III-1_T3	-0.10844376048604748	NA	NA	Interpatient MGH	20	Unrelated
NA	Patient_4_T3	T790M_III-1_T4	-0.12904102611121995	NA	NA	Interpatient MGH	20	Unrelated
NA	Patient_4_T3	T790M_III-1_T5	0.21856346082843195	NA	NA	Interpatient MGH	19	Unrelated
NA	Patient_4_T3	T790M_III-1_T6	-0.15505783330363093	NA	NA	Interpatient MGH	20	Unrelated
NA	Patient_4_T3	T790M_III-1_T7	0.3674795323139461	NA	NA	Interpatient MGH	20	Unrelated
NA	Patient_4_T3	T790M_III-1_T8	0.27526520959238815	NA	NA	Interpatient MGH	20	Unrelated
NA	Patient_4_T3	T790M_III-1_T9	0.6353903624740166	NA	NA	Interpatient MGH	20	Unrelated
NA	Patient_4_T3	T790M_III-1_T10	0.2895351961240925	NA	NA	Interpatient MGH	20	Unrelated
NA	Patient_4_T3	T790M_III-1_T11	0.30633786313438943	NA	NA	Interpatient MGH	17	Unrelated
NA	Patient_4_T3	T790M_III-1_T12	0.37907233786483097	NA	NA	Interpatient MGH	20	Unrelated
NA	Patient_4_T3	T790M_III-1_T13	0.4801526723181691	NA	NA	Interpatient MGH	20	Unrelated
NA	Patient_4_T3	Patient_9_T2	-0.3800607686022709	NA	NA	Interpatient MGH	20	Unrelated
NA	Patient_4_T3	Patient_9_T6	-0.5475666560047525	NA	NA	Interpatient MGH	19	Unrelated
NA	Patient_4_T3	Patient_3_T5	0.097619468356711	NA	NA	Interpatient MGH	19	Unrelated
NA	Patient_4_T3	Patient_10_T8	-0.24508776204303756	NA	NA	Interpatient MGH	19	Unrelated
NA	Patient_4_T3	Patient_10_T1	-0.07060086880614448	NA	NA	Interpatient MGH	20	Unrelated
NA	Patient_7_T2	Patient_3_T4	0.3138290062295649	NA	NA	Interpatient MGH	28	Unrelated
NA	Patient_7_T2	Patient_3_T1	0.2180076843513703	NA	NA	Interpatient MGH	28	Unrelated
NA	Patient_7_T2	Patient_10_T6	-0.1198316509113298	NA	NA	Interpatient MGH	25	Unrelated
NA	Patient_7_T2	Patient_10_T7	-0.23738565118745256	NA	NA	Interpatient MGH	25	Unrelated
NA	Patient_7_T2	Patient_10_T9	-0.0819361507514243	NA	NA	Interpatient MGH	25	Unrelated
NA	Patient_7_T2	Patient_2_T1	0.386092441346135	NA	NA	Interpatient MGH	19	Unrelated
NA	Patient_7_T2	Patient_8_T1	0.1348069706122171	NA	NA	Interpatient MGH	25	Unrelated
NA	Patient_7_T2	Patient_8_T2	0.10151596174372422	NA	NA	Interpatient MGH	24	Unrelated
NA	Patient_7_T2	Patient_1_T1	-0.25998479653017487	NA	NA	Interpatient MGH	20	Unrelated
NA	Patient_7_T2	Patient_1_T2	-0.02135496616097241	NA	NA	Interpatient MGH	22	Unrelated
NA	Patient_7_T2	T790M_III-1_T2	0.02963263586352311	NA	NA	Interpatient MGH	20	Unrelated
NA	Patient_7_T2	T790M_III-1_T3	0.09343164943902646	NA	NA	Interpatient MGH	20	Unrelated
NA	Patient_7_T2	T790M_III-1_T4	0.1080286206373501	NA	NA	Interpatient MGH	20	Unrelated
NA	Patient_7_T2	T790M_III-1_T5	0.10515445764857471	NA	NA	Interpatient MGH	19	Unrelated
NA	Patient_7_T2	T790M_III-1_T6	0.12588670802083696	NA	NA	Interpatient MGH	20	Unrelated
NA	Patient_7_T2	T790M_III-1_T7	0.01106563350735764	NA	NA	Interpatient MGH	20	Unrelated
NA	Patient_7_T2	T790M_III-1_T8	0.03586020826929358	NA	NA	Interpatient MGH	20	Unrelated
NA	Patient_7_T2	T790M_III-1_T9	-0.14314751791210054	NA	NA	Interpatient MGH	20	Unrelated
NA	Patient_7_T2	T790M_III-1_T10	-0.09018146087501508	NA	NA	Interpatient MGH	20	Unrelated
NA	Patient_7_T2	T790M_III-1_T11	0.05392232583173189	NA	NA	Interpatient MGH	19	Unrelated
NA	Patient_7_T2	T790M_III-1_T12	-0.03441962556902368	NA	NA	Interpatient MGH	20	Unrelated
NA	Patient_7_T2	T790M_III-1_T13	-0.08269554838163737	NA	NA	Interpatient MGH	20	Unrelated
NA	Patient_7_T2	Patient_9_T2	0.18979354020959713	NA	NA	Interpatient MGH	26	Unrelated
NA	Patient_7_T2	Patient_9_T6	0.5270791655389631	NA	NA	Interpatient MGH	25	Unrelated
NA	Patient_7_T2	Patient_3_T5	0.15078315330907266	NA	NA	Interpatient MGH	27	Unrelated
NA	Patient_7_T2	Patient_10_T8	0.04464187663455101	NA	NA	Interpatient MGH	22	Unrelated
NA	Patient_7_T2	Patient_10_T1	-0.0579016249889924	NA	NA	Interpatient MGH	23	Unrelated
NA	Patient_7_T4	Patient_3_T4	0.26930806359785114	NA	NA	Interpatient MGH	28	Unrelated
NA	Patient_7_T4	Patient_3_T1	0.02726029453894125	NA	NA	Interpatient MGH	28	Unrelated
NA	Patient_7_T4	Patient_10_T6	-0.1727051086997184	NA	NA	Interpatient MGH	25	Unrelated
NA	Patient_7_T4	Patient_10_T7	-0.04854353659940023	NA	NA	Interpatient MGH	25	Unrelated
NA	Patient_7_T4	Patient_10_T9	-0.10550088267113096	NA	NA	Interpatient MGH	25	Unrelated
NA	Patient_7_T4	Patient_2_T1	-0.1177643334488151	NA	NA	Interpatient MGH	19	Unrelated
NA	Patient_7_T4	Patient_8_T1	0.09401369260316284	NA	NA	Interpatient MGH	25	Unrelated
NA	Patient_7_T4	Patient_8_T2	-0.2327505145162748	NA	NA	Interpatient MGH	24	Unrelated
NA	Patient_7_T4	Patient_1_T1	-0.4127522991565103	NA	NA	Interpatient MGH	20	Unrelated
NA	Patient_7_T4	Patient_1_T2	-0.10068444054689894	NA	NA	Interpatient MGH	22	Unrelated
NA	Patient_7_T4	T790M_III-1_T2	0.04248835831489014	NA	NA	Interpatient MGH	20	Unrelated
NA	Patient_7_T4	T790M_III-1_T3	-0.13108849714470447	NA	NA	Interpatient MGH	20	Unrelated
NA	Patient_7_T4	T790M_III-1_T4	0.02060587972234772	NA	NA	Interpatient MGH	20	Unrelated
NA	Patient_7_T4	T790M_III-1_T5	-0.45062119382630617	NA	NA	Interpatient MGH	19	Unrelated
NA	Patient_7_T4	T790M_III-1_T6	-0.1199073990101302	NA	NA	Interpatient MGH	20	Unrelated
NA	Patient_7_T4	T790M_III-1_T7	-0.4954058884267832	NA	NA	Interpatient MGH	20	Unrelated
NA	Patient_7_T4	T790M_III-1_T8	-0.539876671689119	NA	NA	Interpatient MGH	20	Unrelated
NA	Patient_7_T4	T790M_III-1_T9	-0.5574301205064234	NA	NA	Interpatient MGH	20	Unrelated
NA	Patient_7_T4	T790M_III-1_T10	-0.5542480920560677	NA	NA	Interpatient MGH	20	Unrelated
NA	Patient_7_T4	T790M_III-1_T11	-0.5337857630798332	NA	NA	Interpatient MGH	19	Unrelated
NA	Patient_7_T4	T790M_III-1_T12	-0.3436635603868073	NA	NA	Interpatient MGH	20	Unrelated
NA	Patient_7_T4	T790M_III-1_T13	-0.3604454133857671	NA	NA	Interpatient MGH	20	Unrelated
NA	Patient_7_T4	Patient_9_T2	0.07746152476554358	NA	NA	Interpatient MGH	26	Unrelated
NA	Patient_7_T4	Patient_9_T6	0.3683551442086961	NA	NA	Interpatient MGH	25	Unrelated
NA	Patient_7_T4	Patient_3_T5	-0.02600320715075804	NA	NA	Interpatient MGH	27	Unrelated
NA	Patient_7_T4	Patient_10_T8	-0.0780967980147614	NA	NA	Interpatient MGH	22	Unrelated
NA	Patient_7_T4	Patient_10_T1	0.2226685983096769	NA	NA	Interpatient MGH	23	Unrelated
NA	Patient_3_T4	Patient_10_T6	0.14411670686585182	NA	NA	Interpatient MGH	23	Unrelated
NA	Patient_3_T4	Patient_10_T7	-0.07816639771496027	NA	NA	Interpatient MGH	23	Unrelated
NA	Patient_3_T4	Patient_10_T9	0.1770309509704739	NA	NA	Interpatient MGH	23	Unrelated
NA	Patient_3_T4	Patient_2_T1	0.3535803931950451	NA	NA	Interpatient MGH	18	Unrelated
NA	Patient_3_T4	Patient_8_T1	0.08640638971746088	NA	NA	Interpatient MGH	22	Unrelated
NA	Patient_3_T4	Patient_8_T2	-0.02114241165344687	NA	NA	Interpatient MGH	22	Unrelated
NA	Patient_3_T4	Patient_1_T1	-0.1748456164554146	NA	NA	Interpatient MGH	19	Unrelated
NA	Patient_3_T4	Patient_1_T2	-0.20817873733740463	NA	NA	Interpatient MGH	19	Unrelated
NA	Patient_3_T4	T790M_III-1_T2	-0.17681855681968311	NA	NA	Interpatient MGH	20	Unrelated
NA	Patient_3_T4	T790M_III-1_T3	-0.19881802417933925	NA	NA	Interpatient MGH	20	Unrelated
NA	Patient_3_T4	T790M_III-1_T4	-0.13518399630144065	NA	NA	Interpatient MGH	20	Unrelated
NA	Patient_3_T4	T790M_III-1_T5	0.12781387332041666	NA	NA	Interpatient MGH	19	Unrelated
NA	Patient_3_T4	T790M_III-1_T6	-0.20842779883805673	NA	NA	Interpatient MGH	20	Unrelated
NA	Patient_3_T4	T790M_III-1_T7	0.21523636115837652	NA	NA	Interpatient MGH	20	Unrelated
NA	Patient_3_T4	T790M_III-1_T8	0.07561647371326748	NA	NA	Interpatient MGH	20	Unrelated
NA	Patient_3_T4	T790M_III-1_T9	0.06221142354957628	NA	NA	Interpatient MGH	20	Unrelated
NA	Patient_3_T4	T790M_III-1_T10	0.08131478787455741	NA	NA	Interpatient MGH	20	Unrelated
NA	Patient_3_T4	T790M_III-1_T11	0.07864194224629575	NA	NA	Interpatient MGH	19	Unrelated
NA	Patient_3_T4	T790M_III-1_T12	0.27104442858732947	NA	NA	Interpatient MGH	20	Unrelated
NA	Patient_3_T4	T790M_III-1_T13	0.2688502294860184	NA	NA	Interpatient MGH	20	Unrelated
NA	Patient_3_T4	Patient_9_T2	-0.06196937155188602	NA	NA	Interpatient MGH	23	Unrelated
NA	Patient_3_T4	Patient_9_T6	0.15390479776961505	NA	NA	Interpatient MGH	23	Unrelated
NA	Patient_3_T4	Patient_10_T8	-0.10812474089279148	NA	NA	Interpatient MGH	20	Unrelated
NA	Patient_3_T4	Patient_10_T1	0.06249965378754646	NA	NA	Interpatient MGH	20	Unrelated
NA	Patient_3_T1	Patient_10_T6	-0.43783747468753687	NA	NA	Interpatient MGH	23	Unrelated
NA	Patient_3_T1	Patient_10_T7	-0.5979488463373677	NA	NA	Interpatient MGH	23	Unrelated
NA	Patient_3_T1	Patient_10_T9	0.25605817268355985	NA	NA	Interpatient MGH	23	Unrelated
NA	Patient_3_T1	Patient_2_T1	-0.0894261863583062	NA	NA	Interpatient MGH	18	Unrelated
NA	Patient_3_T1	Patient_8_T1	0.0921132734795744	NA	NA	Interpatient MGH	22	Unrelated
NA	Patient_3_T1	Patient_8_T2	-0.05394395517515113	NA	NA	Interpatient MGH	22	Unrelated
NA	Patient_3_T1	Patient_1_T1	0.02988110030312871	NA	NA	Interpatient MGH	19	Unrelated
NA	Patient_3_T1	Patient_1_T2	0.06495027881083128	NA	NA	Interpatient MGH	19	Unrelated
NA	Patient_3_T1	T790M_III-1_T2	-0.02511765832788616	NA	NA	Interpatient MGH	20	Unrelated
NA	Patient_3_T1	T790M_III-1_T3	0.01460625243977289	NA	NA	Interpatient MGH	20	Unrelated
NA	Patient_3_T1	T790M_III-1_T4	0.06836442781544122	NA	NA	Interpatient MGH	20	Unrelated
NA	Patient_3_T1	T790M_III-1_T5	-0.02886059235874952	NA	NA	Interpatient MGH	19	Unrelated
NA	Patient_3_T1	T790M_III-1_T6	-0.02345789312336366	NA	NA	Interpatient MGH	20	Unrelated
NA	Patient_3_T1	T790M_III-1_T7	0.13697971086663063	NA	NA	Interpatient MGH	20	Unrelated
NA	Patient_3_T1	T790M_III-1_T8	0.0565867396050336	NA	NA	Interpatient MGH	20	Unrelated
NA	Patient_3_T1	T790M_III-1_T9	0.2061908644982617	NA	NA	Interpatient MGH	20	Unrelated
NA	Patient_3_T1	T790M_III-1_T10	0.14483396142904165	NA	NA	Interpatient MGH	20	Unrelated
NA	Patient_3_T1	T790M_III-1_T11	0.22330966175515987	NA	NA	Interpatient MGH	19	Unrelated
NA	Patient_3_T1	T790M_III-1_T12	0.23596546538118857	NA	NA	Interpatient MGH	20	Unrelated
NA	Patient_3_T1	T790M_III-1_T13	0.2811506325433728	NA	NA	Interpatient MGH	20	Unrelated
NA	Patient_3_T1	Patient_9_T2	-0.18950693913403607	NA	NA	Interpatient MGH	23	Unrelated
NA	Patient_3_T1	Patient_9_T6	0.14192084180608153	NA	NA	Interpatient MGH	23	Unrelated
NA	Patient_3_T1	Patient_10_T8	-0.2509915705880136	NA	NA	Interpatient MGH	20	Unrelated
NA	Patient_3_T1	Patient_10_T1	0.32188655040255654	NA	NA	Interpatient MGH	20	Unrelated
NA	Patient_10_T6	Patient_2_T1	0.14537476521142442	NA	NA	Interpatient MGH	19	Unrelated
NA	Patient_10_T6	Patient_8_T1	-0.12180003660918642	NA	NA	Interpatient MGH	22	Unrelated
NA	Patient_10_T6	Patient_8_T2	0.11101186982576328	NA	NA	Interpatient MGH	21	Unrelated
NA	Patient_10_T6	Patient_1_T1	-0.04489620855345605	NA	NA	Interpatient MGH	22	Unrelated
NA	Patient_10_T6	Patient_1_T2	-0.07558697021344662	NA	NA	Interpatient MGH	25	Unrelated
NA	Patient_10_T6	T790M_III-1_T2	-0.23575524259440547	NA	NA	Interpatient MGH	23	Unrelated
NA	Patient_10_T6	T790M_III-1_T3	-0.25702577152166717	NA	NA	Interpatient MGH	23	Unrelated
NA	Patient_10_T6	T790M_III-1_T4	-0.3296358656354072	NA	NA	Interpatient MGH	23	Unrelated
NA	Patient_10_T6	T790M_III-1_T5	0.7646474847856137	NA	NA	Interpatient MGH	22	Unrelated
NA	Patient_10_T6	T790M_III-1_T6	-0.2348876689335193	NA	NA	Interpatient MGH	23	Unrelated
NA	Patient_10_T6	T790M_III-1_T7	0.3857281322981509	NA	NA	Interpatient MGH	23	Unrelated
NA	Patient_10_T6	T790M_III-1_T8	0.4086013313255469	NA	NA	Interpatient MGH	23	Unrelated
NA	Patient_10_T6	T790M_III-1_T9	0.13703319932503438	NA	NA	Interpatient MGH	23	Unrelated
NA	Patient_10_T6	T790M_III-1_T10	0.2177468402982261	NA	NA	Interpatient MGH	23	Unrelated
NA	Patient_10_T6	T790M_III-1_T11	0.28610054548040054	NA	NA	Interpatient MGH	19	Unrelated
NA	Patient_10_T6	T790M_III-1_T12	0.5608996718493103	NA	NA	Interpatient MGH	23	Unrelated
NA	Patient_10_T6	T790M_III-1_T13	0.2483484218216871	NA	NA	Interpatient MGH	23	Unrelated
NA	Patient_10_T6	Patient_9_T2	0.09628056819432589	NA	NA	Interpatient MGH	23	Unrelated
NA	Patient_10_T6	Patient_9_T6	-0.2003499586741552	NA	NA	Interpatient MGH	22	Unrelated
NA	Patient_10_T6	Patient_3_T5	0.04769626990742355	NA	NA	Interpatient MGH	21	Unrelated
NA	Patient_10_T7	Patient_2_T1	0.03867812194013452	NA	NA	Interpatient MGH	19	Unrelated
NA	Patient_10_T7	Patient_8_T1	-0.0920586918160266	NA	NA	Interpatient MGH	22	Unrelated
NA	Patient_10_T7	Patient_8_T2	0.2069781214923363	NA	NA	Interpatient MGH	21	Unrelated
NA	Patient_10_T7	Patient_1_T1	0.10071976510153784	NA	NA	Interpatient MGH	22	Unrelated
NA	Patient_10_T7	Patient_1_T2	-0.283095007298275	NA	NA	Interpatient MGH	25	Unrelated
NA	Patient_10_T7	T790M_III-1_T2	-0.3824508260126462	NA	NA	Interpatient MGH	23	Unrelated
NA	Patient_10_T7	T790M_III-1_T3	-0.4195404180220119	NA	NA	Interpatient MGH	23	Unrelated
NA	Patient_10_T7	T790M_III-1_T4	-0.5040098798919342	NA	NA	Interpatient MGH	23	Unrelated
NA	Patient_10_T7	T790M_III-1_T5	0.5529250936907274	NA	NA	Interpatient MGH	22	Unrelated
NA	Patient_10_T7	T790M_III-1_T6	-0.3557674953807251	NA	NA	Interpatient MGH	23	Unrelated
NA	Patient_10_T7	T790M_III-1_T7	0.26309016847559635	NA	NA	Interpatient MGH	23	Unrelated
NA	Patient_10_T7	T790M_III-1_T8	0.2716028233897715	NA	NA	Interpatient MGH	23	Unrelated
NA	Patient_10_T7	T790M_III-1_T9	-0.04985857879129801	NA	NA	Interpatient MGH	23	Unrelated
NA	Patient_10_T7	T790M_III-1_T10	0.2255844761412391	NA	NA	Interpatient MGH	23	Unrelated
NA	Patient_10_T7	T790M_III-1_T11	0.1488519895436199	NA	NA	Interpatient MGH	19	Unrelated
NA	Patient_10_T7	T790M_III-1_T12	0.2937987079333884	NA	NA	Interpatient MGH	23	Unrelated
NA	Patient_10_T7	T790M_III-1_T13	0.05292379378303248	NA	NA	Interpatient MGH	23	Unrelated
NA	Patient_10_T7	Patient_9_T2	0.15109873727757842	NA	NA	Interpatient MGH	23	Unrelated
NA	Patient_10_T7	Patient_9_T6	-0.13744014712441432	NA	NA	Interpatient MGH	22	Unrelated
NA	Patient_10_T7	Patient_3_T5	0.17566482210264953	NA	NA	Interpatient MGH	21	Unrelated
NA	Patient_10_T9	Patient_2_T1	-0.00554330352107508	NA	NA	Interpatient MGH	19	Unrelated
NA	Patient_10_T9	Patient_8_T1	-0.06060186246479295	NA	NA	Interpatient MGH	22	Unrelated
NA	Patient_10_T9	Patient_8_T2	0.12355735165274878	NA	NA	Interpatient MGH	21	Unrelated
NA	Patient_10_T9	Patient_1_T1	-0.17335532732608055	NA	NA	Interpatient MGH	22	Unrelated
NA	Patient_10_T9	Patient_1_T2	-0.09554089911007936	NA	NA	Interpatient MGH	25	Unrelated
NA	Patient_10_T9	T790M_III-1_T2	-0.25784751014196927	NA	NA	Interpatient MGH	23	Unrelated
NA	Patient_10_T9	T790M_III-1_T3	-0.13047885441506635	NA	NA	Interpatient MGH	23	Unrelated
NA	Patient_10_T9	T790M_III-1_T4	-0.2272945745373993	NA	NA	Interpatient MGH	23	Unrelated
NA	Patient_10_T9	T790M_III-1_T5	0.6456599774759575	NA	NA	Interpatient MGH	22	Unrelated
NA	Patient_10_T9	T790M_III-1_T6	-0.1666385063049113	NA	NA	Interpatient MGH	23	Unrelated
NA	Patient_10_T9	T790M_III-1_T7	0.4109328368264843	NA	NA	Interpatient MGH	23	Unrelated
NA	Patient_10_T9	T790M_III-1_T8	0.47379550662691994	NA	NA	Interpatient MGH	23	Unrelated
NA	Patient_10_T9	T790M_III-1_T9	0.25405855163987273	NA	NA	Interpatient MGH	23	Unrelated
NA	Patient_10_T9	T790M_III-1_T10	0.41010186711249513	NA	NA	Interpatient MGH	23	Unrelated
NA	Patient_10_T9	T790M_III-1_T11	0.5131698024122135	NA	NA	Interpatient MGH	19	Unrelated
NA	Patient_10_T9	T790M_III-1_T12	0.725549908885953	NA	NA	Interpatient MGH	23	Unrelated
NA	Patient_10_T9	T790M_III-1_T13	0.4148508603841859	NA	NA	Interpatient MGH	23	Unrelated
NA	Patient_10_T9	Patient_9_T2	-0.0057802161314347	NA	NA	Interpatient MGH	23	Unrelated
NA	Patient_10_T9	Patient_9_T6	-0.0926697061979747	NA	NA	Interpatient MGH	22	Unrelated
NA	Patient_10_T9	Patient_3_T5	0.18147796056680027	NA	NA	Interpatient MGH	21	Unrelated
NA	Patient_2_T1	Patient_8_T1	-0.01929146282697683	NA	NA	Interpatient MGH	21	Unrelated
NA	Patient_2_T1	Patient_8_T2	-0.02484121832296615	NA	NA	Interpatient MGH	21	Unrelated
NA	Patient_2_T1	Patient_1_T1	0.28451434597651004	NA	NA	Interpatient MGH	18	Unrelated
NA	Patient_2_T1	Patient_1_T2	0.4217742063932009	NA	NA	Interpatient MGH	20	Unrelated
NA	Patient_2_T1	T790M_III-1_T2	0.1927304493194064	NA	NA	Interpatient MGH	18	Unrelated
NA	Patient_2_T1	T790M_III-1_T3	0.169514476121721	NA	NA	Interpatient MGH	18	Unrelated
NA	Patient_2_T1	T790M_III-1_T4	0.17606686503354677	NA	NA	Interpatient MGH	18	Unrelated
NA	Patient_2_T1	T790M_III-1_T5	-0.04152678415573996	NA	NA	Interpatient MGH	17	Unrelated
NA	Patient_2_T1	T790M_III-1_T6	0.20855717934543028	NA	NA	Interpatient MGH	18	Unrelated
NA	Patient_2_T1	T790M_III-1_T7	-0.03911373677352525	NA	NA	Interpatient MGH	18	Unrelated
NA	Patient_2_T1	T790M_III-1_T8	0.09248471216334708	NA	NA	Interpatient MGH	18	Unrelated
NA	Patient_2_T1	T790M_III-1_T9	0.11716039140640153	NA	NA	Interpatient MGH	18	Unrelated
NA	Patient_2_T1	T790M_III-1_T10	-0.07926342141936929	NA	NA	Interpatient MGH	18	Unrelated
NA	Patient_2_T1	T790M_III-1_T12	-0.18711442361990616	NA	NA	Interpatient MGH	18	Unrelated
NA	Patient_2_T1	T790M_III-1_T13	-0.0975545826450382	NA	NA	Interpatient MGH	18	Unrelated
NA	Patient_2_T1	Patient_9_T2	-0.08882590726891433	NA	NA	Interpatient MGH	21	Unrelated
NA	Patient_2_T1	Patient_9_T6	-0.03055531146151855	NA	NA	Interpatient MGH	21	Unrelated
NA	Patient_2_T1	Patient_3_T5	-0.28506994866227586	NA	NA	Interpatient MGH	19	Unrelated
NA	Patient_2_T1	Patient_10_T8	0.2583003152613602	NA	NA	Interpatient MGH	21	Unrelated
NA	Patient_2_T1	Patient_10_T1	-0.1290936457161737	NA	NA	Interpatient MGH	21	Unrelated
NA	Patient_2_T2	Patient_8_T1	-0.16812368911412015	NA	NA	Interpatient MGH	17	Unrelated
NA	Patient_2_T2	Patient_8_T2	-0.02653141022444804	NA	NA	Interpatient MGH	16	Unrelated
NA	Patient_2_T2	Patient_1_T2	0.08300324193254921	NA	NA	Interpatient MGH	16	Unrelated
NA	Patient_2_T2	T790M_III-1_T2	-0.1558853090721271	NA	NA	Interpatient MGH	16	Unrelated
NA	Patient_2_T2	T790M_III-1_T3	-0.15344667245006316	NA	NA	Interpatient MGH	16	Unrelated
NA	Patient_2_T2	T790M_III-1_T4	-0.15827104159383443	NA	NA	Interpatient MGH	16	Unrelated
NA	Patient_2_T2	T790M_III-1_T6	-0.13757105363143163	NA	NA	Interpatient MGH	16	Unrelated
NA	Patient_2_T2	T790M_III-1_T7	0.15411059632959048	NA	NA	Interpatient MGH	16	Unrelated
NA	Patient_2_T2	T790M_III-1_T8	0.13589911134932436	NA	NA	Interpatient MGH	16	Unrelated
NA	Patient_2_T2	T790M_III-1_T9	-0.05262044221067192	NA	NA	Interpatient MGH	16	Unrelated
NA	Patient_2_T2	T790M_III-1_T10	-0.02813382511558579	NA	NA	Interpatient MGH	16	Unrelated
NA	Patient_2_T2	T790M_III-1_T12	0.07021769486839084	NA	NA	Interpatient MGH	16	Unrelated
NA	Patient_2_T2	T790M_III-1_T13	0.09871046710600456	NA	NA	Interpatient MGH	16	Unrelated
NA	Patient_2_T2	Patient_9_T2	0.10504393968415744	NA	NA	Interpatient MGH	17	Unrelated
NA	Patient_2_T2	Patient_9_T6	0.1281712095821818	NA	NA	Interpatient MGH	16	Unrelated
NA	Patient_2_T2	Patient_10_T8	0.21613955243599536	NA	NA	Interpatient MGH	16	Unrelated
NA	Patient_2_T2	Patient_10_T1	-0.10273978118647709	NA	NA	Interpatient MGH	17	Unrelated
NA	Patient_2_T3	Patient_8_T1	0.2489332133181217	NA	NA	Interpatient MGH	16	Unrelated
NA	Patient_2_T3	Patient_8_T2	0.28524609829391884	NA	NA	Interpatient MGH	16	Unrelated
NA	Patient_2_T3	Patient_1_T2	-0.08754072387490543	NA	NA	Interpatient MGH	16	Unrelated
NA	Patient_2_T3	T790M_III-1_T2	-0.02327673598432533	NA	NA	Interpatient MGH	16	Unrelated
NA	Patient_2_T3	T790M_III-1_T3	0.02965370754490526	NA	NA	Interpatient MGH	16	Unrelated
NA	Patient_2_T3	T790M_III-1_T4	0.04927217603907374	NA	NA	Interpatient MGH	16	Unrelated
NA	Patient_2_T3	T790M_III-1_T6	0.01516608761807494	NA	NA	Interpatient MGH	16	Unrelated
NA	Patient_2_T3	T790M_III-1_T7	0.27343166982294387	NA	NA	Interpatient MGH	16	Unrelated
NA	Patient_2_T3	T790M_III-1_T8	0.22291029110861113	NA	NA	Interpatient MGH	16	Unrelated
NA	Patient_2_T3	T790M_III-1_T9	0.4490940237334915	NA	NA	Interpatient MGH	16	Unrelated
NA	Patient_2_T3	T790M_III-1_T10	0.19032313672384535	NA	NA	Interpatient MGH	16	Unrelated
NA	Patient_2_T3	T790M_III-1_T12	0.19400149578885603	NA	NA	Interpatient MGH	16	Unrelated
NA	Patient_2_T3	T790M_III-1_T13	0.2716879326726627	NA	NA	Interpatient MGH	16	Unrelated
NA	Patient_2_T3	Patient_9_T2	-0.36231373482700646	NA	NA	Interpatient MGH	16	Unrelated
NA	Patient_2_T3	Patient_9_T6	-0.2852845752332752	NA	NA	Interpatient MGH	16	Unrelated
NA	Patient_2_T3	Patient_10_T8	0.08945007770935634	NA	NA	Interpatient MGH	17	Unrelated
NA	Patient_2_T3	Patient_10_T1	-0.2518186356341815	NA	NA	Interpatient MGH	17	Unrelated
NA	Patient_8_T1	Patient_1_T1	-0.3896066687132062	NA	NA	Interpatient MGH	20	Unrelated
NA	Patient_8_T1	Patient_1_T2	-0.09097667894609612	NA	NA	Interpatient MGH	23	Unrelated
NA	Patient_8_T1	T790M_III-1_T2	-0.00684112212159425	NA	NA	Interpatient MGH	21	Unrelated
NA	Patient_8_T1	T790M_III-1_T3	-0.05322075232036781	NA	NA	Interpatient MGH	21	Unrelated
NA	Patient_8_T1	T790M_III-1_T4	-0.00555264005278624	NA	NA	Interpatient MGH	21	Unrelated
NA	Patient_8_T1	T790M_III-1_T5	-0.05439209251760759	NA	NA	Interpatient MGH	20	Unrelated
NA	Patient_8_T1	T790M_III-1_T6	-0.06572428450751151	NA	NA	Interpatient MGH	21	Unrelated
NA	Patient_8_T1	T790M_III-1_T7	-0.00205783118609532	NA	NA	Interpatient MGH	21	Unrelated
NA	Patient_8_T1	T790M_III-1_T8	0.02909217956422284	NA	NA	Interpatient MGH	21	Unrelated
NA	Patient_8_T1	T790M_III-1_T9	0.11218820648715286	NA	NA	Interpatient MGH	21	Unrelated
NA	Patient_8_T1	T790M_III-1_T10	0.03979675020986518	NA	NA	Interpatient MGH	21	Unrelated
NA	Patient_8_T1	T790M_III-1_T11	0.01553162966867853	NA	NA	Interpatient MGH	18	Unrelated
NA	Patient_8_T1	T790M_III-1_T12	0.04127514046633108	NA	NA	Interpatient MGH	21	Unrelated
NA	Patient_8_T1	T790M_III-1_T13	0.06601175106183224	NA	NA	Interpatient MGH	21	Unrelated
NA	Patient_8_T1	Patient_9_T2	-0.0641736316999699	NA	NA	Interpatient MGH	24	Unrelated
NA	Patient_8_T1	Patient_9_T6	-0.3268285602151015	NA	NA	Interpatient MGH	23	Unrelated
NA	Patient_8_T1	Patient_3_T5	-0.02281767923325952	NA	NA	Interpatient MGH	25	Unrelated
NA	Patient_8_T1	Patient_10_T8	-0.03056489880879802	NA	NA	Interpatient MGH	23	Unrelated
NA	Patient_8_T1	Patient_10_T1	0.33123155611839544	NA	NA	Interpatient MGH	24	Unrelated
NA	Patient_8_T2	Patient_1_T1	-0.29872521627770426	NA	NA	Interpatient MGH	19	Unrelated
NA	Patient_8_T2	Patient_1_T2	-0.24995496185797209	NA	NA	Interpatient MGH	22	Unrelated
NA	Patient_8_T2	T790M_III-1_T2	-0.2126861883097399	NA	NA	Interpatient MGH	20	Unrelated
NA	Patient_8_T2	T790M_III-1_T3	-7.367092160266731e-5	NA	NA	Interpatient MGH	20	Unrelated
NA	Patient_8_T2	T790M_III-1_T4	-0.1226572615923168	NA	NA	Interpatient MGH	20	Unrelated
NA	Patient_8_T2	T790M_III-1_T5	0.3881665957721478	NA	NA	Interpatient MGH	19	Unrelated
NA	Patient_8_T2	T790M_III-1_T6	0.01241970246538739	NA	NA	Interpatient MGH	20	Unrelated
NA	Patient_8_T2	T790M_III-1_T7	0.4532228711607707	NA	NA	Interpatient MGH	20	Unrelated
NA	Patient_8_T2	T790M_III-1_T8	0.48499078437121174	NA	NA	Interpatient MGH	20	Unrelated
NA	Patient_8_T2	T790M_III-1_T9	0.1867441979003928	NA	NA	Interpatient MGH	20	Unrelated
NA	Patient_8_T2	T790M_III-1_T10	0.4858825369296994	NA	NA	Interpatient MGH	20	Unrelated
NA	Patient_8_T2	T790M_III-1_T11	0.4752608855357897	NA	NA	Interpatient MGH	17	Unrelated
NA	Patient_8_T2	T790M_III-1_T12	0.457746300555104	NA	NA	Interpatient MGH	20	Unrelated
NA	Patient_8_T2	T790M_III-1_T13	0.3285375014510566	NA	NA	Interpatient MGH	20	Unrelated
NA	Patient_8_T2	Patient_9_T2	8.547399753306095e-4	NA	NA	Interpatient MGH	23	Unrelated
NA	Patient_8_T2	Patient_9_T6	-0.3328697630116813	NA	NA	Interpatient MGH	23	Unrelated
NA	Patient_8_T2	Patient_3_T5	0.0368042580768597	NA	NA	Interpatient MGH	24	Unrelated
NA	Patient_8_T2	Patient_10_T8	0.08844092361808481	NA	NA	Interpatient MGH	23	Unrelated
NA	Patient_8_T2	Patient_10_T1	0.0797148792867747	NA	NA	Interpatient MGH	23	Unrelated
NA	Patient_1_T1	T790M_III-1_T2	-0.04060963988915302	NA	NA	Interpatient MGH	22	Unrelated
NA	Patient_1_T1	T790M_III-1_T3	-0.15445502170161962	NA	NA	Interpatient MGH	22	Unrelated
NA	Patient_1_T1	T790M_III-1_T4	-0.03921522796066583	NA	NA	Interpatient MGH	22	Unrelated
NA	Patient_1_T1	T790M_III-1_T5	-0.2536598317397786	NA	NA	Interpatient MGH	21	Unrelated
NA	Patient_1_T1	T790M_III-1_T6	-0.11544979193451668	NA	NA	Interpatient MGH	22	Unrelated
NA	Patient_1_T1	T790M_III-1_T7	-0.25392586143253093	NA	NA	Interpatient MGH	22	Unrelated
NA	Patient_1_T1	T790M_III-1_T8	-0.35067487299131034	NA	NA	Interpatient MGH	22	Unrelated
NA	Patient_1_T1	T790M_III-1_T9	-0.09980604066556369	NA	NA	Interpatient MGH	22	Unrelated
NA	Patient_1_T1	T790M_III-1_T10	-0.30536806766043917	NA	NA	Interpatient MGH	22	Unrelated
NA	Patient_1_T1	T790M_III-1_T11	-0.4091295934039161	NA	NA	Interpatient MGH	20	Unrelated
NA	Patient_1_T1	T790M_III-1_T12	-0.4663003080479984	NA	NA	Interpatient MGH	22	Unrelated
NA	Patient_1_T1	T790M_III-1_T13	-0.18793369042257055	NA	NA	Interpatient MGH	22	Unrelated
NA	Patient_1_T1	Patient_9_T2	-0.0338811733401139	NA	NA	Interpatient MGH	21	Unrelated
NA	Patient_1_T1	Patient_9_T6	-0.3600647783067614	NA	NA	Interpatient MGH	20	Unrelated
NA	Patient_1_T1	Patient_3_T5	0.19973991193348511	NA	NA	Interpatient MGH	19	Unrelated
NA	Patient_1_T1	Patient_10_T8	-0.3095355278618185	NA	NA	Interpatient MGH	23	Unrelated
NA	Patient_1_T1	Patient_10_T1	-0.12401731769707364	NA	NA	Interpatient MGH	24	Unrelated
NA	Patient_1_T2	T790M_III-1_T2	0.1460258762927637	NA	NA	Interpatient MGH	24	Unrelated
NA	Patient_1_T2	T790M_III-1_T3	0.10369599056207632	NA	NA	Interpatient MGH	24	Unrelated
NA	Patient_1_T2	T790M_III-1_T4	0.21401616511402255	NA	NA	Interpatient MGH	24	Unrelated
NA	Patient_1_T2	T790M_III-1_T5	-0.3196853574572704	NA	NA	Interpatient MGH	23	Unrelated
NA	Patient_1_T2	T790M_III-1_T6	0.00815956535731459	NA	NA	Interpatient MGH	24	Unrelated
NA	Patient_1_T2	T790M_III-1_T7	-0.1965258292798003	NA	NA	Interpatient MGH	24	Unrelated
NA	Patient_1_T2	T790M_III-1_T8	-0.10597950031241218	NA	NA	Interpatient MGH	24	Unrelated
NA	Patient_1_T2	T790M_III-1_T9	0.3647887451088786	NA	NA	Interpatient MGH	24	Unrelated
NA	Patient_1_T2	T790M_III-1_T10	-0.43177322051052947	NA	NA	Interpatient MGH	24	Unrelated
NA	Patient_1_T2	T790M_III-1_T11	-0.15671045477308376	NA	NA	Interpatient MGH	21	Unrelated
NA	Patient_1_T2	T790M_III-1_T12	-0.21268021685439809	NA	NA	Interpatient MGH	24	Unrelated
NA	Patient_1_T2	T790M_III-1_T13	-0.01590507437680453	NA	NA	Interpatient MGH	24	Unrelated
NA	Patient_1_T2	Patient_9_T2	-0.0220879480227454	NA	NA	Interpatient MGH	24	Unrelated
NA	Patient_1_T2	Patient_9_T6	-0.2132011997260795	NA	NA	Interpatient MGH	23	Unrelated
NA	Patient_1_T2	Patient_3_T5	0.16148807684154598	NA	NA	Interpatient MGH	22	Unrelated
NA	Patient_1_T2	Patient_10_T8	0.07521264652910842	NA	NA	Interpatient MGH	26	Unrelated
NA	Patient_1_T2	Patient_10_T1	0.20815226413023752	NA	NA	Interpatient MGH	27	Unrelated
NA	T790M_III-1_T2	Patient_9_T2	-0.01243806478746628	NA	NA	Interpatient MGH	22	Unrelated
NA	T790M_III-1_T2	Patient_9_T6	-0.07579285042669025	NA	NA	Interpatient MGH	21	Unrelated
NA	T790M_III-1_T2	Patient_3_T5	-0.0847385376717102	NA	NA	Interpatient MGH	20	Unrelated
NA	T790M_III-1_T2	Patient_10_T8	-0.1161826587085909	NA	NA	Interpatient MGH	24	Unrelated
NA	T790M_III-1_T2	Patient_10_T1	0.3301461959981419	NA	NA	Interpatient MGH	25	Unrelated
NA	T790M_III-1_T3	Patient_9_T2	0.00356082681719227	NA	NA	Interpatient MGH	22	Unrelated
NA	T790M_III-1_T3	Patient_9_T6	0.03047096632121894	NA	NA	Interpatient MGH	21	Unrelated
NA	T790M_III-1_T3	Patient_3_T5	-0.08721993137721579	NA	NA	Interpatient MGH	20	Unrelated
NA	T790M_III-1_T3	Patient_10_T8	0.05365235963307453	NA	NA	Interpatient MGH	24	Unrelated
NA	T790M_III-1_T3	Patient_10_T1	0.1815333426349829	NA	NA	Interpatient MGH	25	Unrelated
NA	T790M_III-1_T4	Patient_9_T2	-0.00146905991978333	NA	NA	Interpatient MGH	22	Unrelated
NA	T790M_III-1_T4	Patient_9_T6	-0.02980669071235051	NA	NA	Interpatient MGH	21	Unrelated
NA	T790M_III-1_T4	Patient_3_T5	-0.02887156146003616	NA	NA	Interpatient MGH	20	Unrelated
NA	T790M_III-1_T4	Patient_10_T8	-0.08868695870465067	NA	NA	Interpatient MGH	24	Unrelated
NA	T790M_III-1_T4	Patient_10_T1	0.2146626175201828	NA	NA	Interpatient MGH	25	Unrelated
NA	T790M_III-1_T5	Patient_9_T2	0.0113072055159946	NA	NA	Interpatient MGH	21	Unrelated
NA	T790M_III-1_T5	Patient_9_T6	0.10554274571721604	NA	NA	Interpatient MGH	20	Unrelated
NA	T790M_III-1_T5	Patient_3_T5	0.15699301897389528	NA	NA	Interpatient MGH	20	Unrelated
NA	T790M_III-1_T5	Patient_10_T8	0.5548961280785146	NA	NA	Interpatient MGH	23	Unrelated
NA	T790M_III-1_T5	Patient_10_T1	-0.4669390207478838	NA	NA	Interpatient MGH	24	Unrelated
NA	T790M_III-1_T6	Patient_9_T2	0.00270634897964998	NA	NA	Interpatient MGH	22	Unrelated
NA	T790M_III-1_T6	Patient_9_T6	0.02233796652391377	NA	NA	Interpatient MGH	21	Unrelated
NA	T790M_III-1_T6	Patient_3_T5	-0.11010378712277548	NA	NA	Interpatient MGH	20	Unrelated
NA	T790M_III-1_T6	Patient_10_T8	-0.00620256350290259	NA	NA	Interpatient MGH	24	Unrelated
NA	T790M_III-1_T6	Patient_10_T1	0.07346837991252525	NA	NA	Interpatient MGH	25	Unrelated
NA	T790M_III-1_T7	Patient_9_T2	-0.23103680553237485	NA	NA	Interpatient MGH	22	Unrelated
NA	T790M_III-1_T7	Patient_9_T6	0.04809007787250486	NA	NA	Interpatient MGH	21	Unrelated
NA	T790M_III-1_T7	Patient_3_T5	-0.0313585542175672	NA	NA	Interpatient MGH	20	Unrelated
NA	T790M_III-1_T7	Patient_10_T8	0.4242724975182808	NA	NA	Interpatient MGH	24	Unrelated
NA	T790M_III-1_T7	Patient_10_T1	-0.23924991870711157	NA	NA	Interpatient MGH	25	Unrelated
NA	T790M_III-1_T8	Patient_9_T2	-0.23747063340624652	NA	NA	Interpatient MGH	22	Unrelated
NA	T790M_III-1_T8	Patient_9_T6	0.09454229630677342	NA	NA	Interpatient MGH	21	Unrelated
NA	T790M_III-1_T8	Patient_3_T5	-0.06227330671998137	NA	NA	Interpatient MGH	20	Unrelated
NA	T790M_III-1_T8	Patient_10_T8	0.5909227951250642	NA	NA	Interpatient MGH	24	Unrelated
NA	T790M_III-1_T8	Patient_10_T1	-0.25976272621144236	NA	NA	Interpatient MGH	25	Unrelated
NA	T790M_III-1_T9	Patient_9_T2	-0.5075764909357748	NA	NA	Interpatient MGH	22	Unrelated
NA	T790M_III-1_T9	Patient_9_T6	-0.23888026046166289	NA	NA	Interpatient MGH	21	Unrelated
NA	T790M_III-1_T9	Patient_3_T5	0.06541136315694482	NA	NA	Interpatient MGH	20	Unrelated
NA	T790M_III-1_T9	Patient_10_T8	0.4874410472673077	NA	NA	Interpatient MGH	24	Unrelated
NA	T790M_III-1_T9	Patient_10_T1	0.03636439587577455	NA	NA	Interpatient MGH	25	Unrelated
NA	T790M_III-1_T10	Patient_9_T2	-0.29900296049247077	NA	NA	Interpatient MGH	22	Unrelated
NA	T790M_III-1_T10	Patient_9_T6	0.00426934589874086	NA	NA	Interpatient MGH	21	Unrelated
NA	T790M_III-1_T10	Patient_3_T5	-0.1362226393497782	NA	NA	Interpatient MGH	20	Unrelated
NA	T790M_III-1_T10	Patient_10_T8	0.38959842844212234	NA	NA	Interpatient MGH	24	Unrelated
NA	T790M_III-1_T10	Patient_10_T1	-0.1142336943101636	NA	NA	Interpatient MGH	25	Unrelated
NA	T790M_III-1_T11	Patient_9_T2	-0.31225618746350736	NA	NA	Interpatient MGH	20	Unrelated
NA	T790M_III-1_T11	Patient_9_T6	0.10305392999154656	NA	NA	Interpatient MGH	19	Unrelated
NA	T790M_III-1_T11	Patient_3_T5	-0.07779410427879946	NA	NA	Interpatient MGH	18	Unrelated
NA	T790M_III-1_T11	Patient_10_T8	0.5642129046335334	NA	NA	Interpatient MGH	20	Unrelated
NA	T790M_III-1_T11	Patient_10_T1	-0.2096168810947711	NA	NA	Interpatient MGH	21	Unrelated
NA	T790M_III-1_T12	Patient_9_T2	-0.19214446785108555	NA	NA	Interpatient MGH	22	Unrelated
NA	T790M_III-1_T12	Patient_9_T6	0.10002491935750854	NA	NA	Interpatient MGH	21	Unrelated
NA	T790M_III-1_T12	Patient_3_T5	-0.02865501160443397	NA	NA	Interpatient MGH	20	Unrelated
NA	T790M_III-1_T12	Patient_10_T8	0.6360223850415493	NA	NA	Interpatient MGH	24	Unrelated
NA	T790M_III-1_T12	Patient_10_T1	-0.23150485696894252	NA	NA	Interpatient MGH	25	Unrelated
NA	T790M_III-1_T13	Patient_9_T2	-0.4272859443771694	NA	NA	Interpatient MGH	22	Unrelated
NA	T790M_III-1_T13	Patient_9_T6	-0.11978037320463011	NA	NA	Interpatient MGH	21	Unrelated
NA	T790M_III-1_T13	Patient_3_T5	-0.03163370188186786	NA	NA	Interpatient MGH	20	Unrelated
NA	T790M_III-1_T13	Patient_10_T8	0.3510719076240384	NA	NA	Interpatient MGH	24	Unrelated
NA	T790M_III-1_T13	Patient_10_T1	-0.04925077190464299	NA	NA	Interpatient MGH	25	Unrelated
NA	Patient_9_T2	Patient_3_T5	0.2235594293804509	NA	NA	Interpatient MGH	26	Unrelated
NA	Patient_9_T2	Patient_10_T8	-0.08261309406485155	NA	NA	Interpatient MGH	24	Unrelated
NA	Patient_9_T2	Patient_10_T1	-0.13596180122781384	NA	NA	Interpatient MGH	25	Unrelated
NA	Patient_9_T6	Patient_3_T5	-0.08561004342044778	NA	NA	Interpatient MGH	25	Unrelated
NA	Patient_9_T6	Patient_10_T8	0.2578100238653837	NA	NA	Interpatient MGH	24	Unrelated
NA	Patient_9_T6	Patient_10_T1	-0.26298799807813694	NA	NA	Interpatient MGH	24	Unrelated
NA	Patient_3_T5	Patient_10_T8	-0.09894699042465167	NA	NA	Interpatient MGH	22	Unrelated
NA	Patient_3_T5	Patient_10_T1	-0.15488721193197957	NA	NA	Interpatient MGH	23	Unrelated
